date_iso,url
2025-11-27_to_2026-01-22,https://data.archive.aero/sectionals/2025-11-27_to_2026-01-22.pmtiles
2025-10-02_to_2025-11-27,https://data.archive.aero/sectionals/2025-10-02_to_2025-11-27.pmtiles
2025-08-07_to_2025-10-02,https://data.archive.aero/sectionals/2025-08-07_to_2025-10-02.pmtiles
2025-06-12_to_2025-08-07,https://data.archive.aero/sectionals/2025-06-12_to_2025-08-07.pmtiles
2025-04-17_to_2025-06-12,https://data.archive.aero/sectionals/2025-04-17_to_2025-06-12.pmtiles
2025-02-20_to_2025-04-17,https://data.archive.aero/sectionals/2025-02-20_to_2025-04-17.pmtiles
2024-12-26_to_2025-02-20,https://data.archive.aero/sectionals/2024-12-26_to_2025-02-20.pmtiles
2024-10-31_to_2024-12-26,https://data.archive.aero/sectionals/2024-10-31_to_2024-12-26.pmtiles
2024-09-05_to_2024-10-31,https://data.archive.aero/sectionals/2024-09-05_to_2024-10-31.pmtiles
2024-07-11_to_2024-09-05,https://data.archive.aero/sectionals/2024-07-11_to_2024-09-05.pmtiles
2024-05-16_to_2024-07-11,https://data.archive.aero/sectionals/2024-05-16_to_2024-07-11.pmtiles
2024-03-21_to_2024-05-16,https://data.archive.aero/sectionals/2024-03-21_to_2024-05-16.pmtiles
2024-01-25_to_2024-03-21,https://data.archive.aero/sectionals/2024-01-25_to_2024-03-21.pmtiles
2023-06-15_to_2023-08-10,https://data.archive.aero/sectionals/2023-06-15_to_2023-08-10.pmtiles
2023-04-20_to_2023-06-15,https://data.archive.aero/sectionals/2023-04-20_to_2023-06-15.pmtiles
2023-02-23_to_2023-04-20,https://data.archive.aero/sectionals/2023-02-23_to_2023-04-20.pmtiles
2022-12-29_to_2023-02-23,https://data.archive.aero/sectionals/2022-12-29_to_2023-02-23.pmtiles
2022-11-03_to_2022-12-29,https://data.archive.aero/sectionals/2022-11-03_to_2022-12-29.pmtiles
2022-03-24_to_2022-05-19,https://data.archive.aero/sectionals/2022-03-24_to_2022-05-19.pmtiles
2022-01-27_to_2022-03-24,https://data.archive.aero/sectionals/2022-01-27_to_2022-03-24.pmtiles
2022-01-20_to_2022-03-17,https://data.archive.aero/sectionals/2022-01-20_to_2022-03-17.pmtiles
2022-01-19_to_2022-03-16,https://data.archive.aero/sectionals/2022-01-19_to_2022-03-16.pmtiles
2021-12-02_to_2022-01-27,https://data.archive.aero/sectionals/2021-12-02_to_2022-01-27.pmtiles
2021-10-07_to_2021-12-02,https://data.archive.aero/sectionals/2021-10-07_to_2021-12-02.pmtiles
2021-08-12_to_2021-10-07,https://data.archive.aero/sectionals/2021-08-12_to_2021-10-07.pmtiles
2021-06-17_to_2021-08-12,https://data.archive.aero/sectionals/2021-06-17_to_2021-08-12.pmtiles
2021-04-22_to_2021-06-17,https://data.archive.aero/sectionals/2021-04-22_to_2021-06-17.pmtiles
2021-02-25_to_2021-04-22,https://data.archive.aero/sectionals/2021-02-25_to_2021-04-22.pmtiles
2020-12-31_to_2021-12-30,https://data.archive.aero/sectionals/2020-12-31_to_2021-12-30.pmtiles
2020-12-31_to_2021-07-15,https://data.archive.aero/sectionals/2020-12-31_to_2021-07-15.pmtiles
2020-12-31_to_2021-06-17,https://data.archive.aero/sectionals/2020-12-31_to_2021-06-17.pmtiles
2020-11-05_to_2021-11-04,https://data.archive.aero/sectionals/2020-11-05_to_2021-11-04.pmtiles
2020-11-05_to_2021-05-20,https://data.archive.aero/sectionals/2020-11-05_to_2021-05-20.pmtiles
2020-11-05_to_2021-04-22,https://data.archive.aero/sectionals/2020-11-05_to_2021-04-22.pmtiles
2020-10-30_to_2021-04-16,https://data.archive.aero/sectionals/2020-10-30_to_2021-04-16.pmtiles
2020-10-28_to_2021-05-12,https://data.archive.aero/sectionals/2020-10-28_to_2021-05-12.pmtiles
2020-10-23_to_2021-05-07,https://data.archive.aero/sectionals/2020-10-23_to_2021-05-07.pmtiles
2020-09-10_to_2021-09-09,https://data.archive.aero/sectionals/2020-09-10_to_2021-09-09.pmtiles
2020-09-10_to_2021-03-25,https://data.archive.aero/sectionals/2020-09-10_to_2021-03-25.pmtiles
2020-09-10_to_2021-02-25,https://data.archive.aero/sectionals/2020-09-10_to_2021-02-25.pmtiles
2020-08-13_to_2021-02-25,https://data.archive.aero/sectionals/2020-08-13_to_2021-02-25.pmtiles
2020-08-13_to_2021-01-28,https://data.archive.aero/sectionals/2020-08-13_to_2021-01-28.pmtiles
2020-07-16_to_2021-07-15,https://data.archive.aero/sectionals/2020-07-16_to_2021-07-15.pmtiles
2020-07-16_to_2021-01-28,https://data.archive.aero/sectionals/2020-07-16_to_2021-01-28.pmtiles
2020-07-16_to_2020-12-31,https://data.archive.aero/sectionals/2020-07-16_to_2020-12-31.pmtiles
2020-06-18_to_2021-06-17,https://data.archive.aero/sectionals/2020-06-18_to_2021-06-17.pmtiles
2020-06-18_to_2020-12-31,https://data.archive.aero/sectionals/2020-06-18_to_2020-12-31.pmtiles
2020-06-18_to_2020-12-03,https://data.archive.aero/sectionals/2020-06-18_to_2020-12-03.pmtiles
2020-05-21_to_2020-12-03,https://data.archive.aero/sectionals/2020-05-21_to_2020-12-03.pmtiles
2020-05-21_to_2020-11-05,https://data.archive.aero/sectionals/2020-05-21_to_2020-11-05.pmtiles
2020-04-23_to_2021-04-22,https://data.archive.aero/sectionals/2020-04-23_to_2021-04-22.pmtiles
2020-04-23_to_2020-11-05,https://data.archive.aero/sectionals/2020-04-23_to_2020-11-05.pmtiles
2020-04-23_to_2020-10-08,https://data.archive.aero/sectionals/2020-04-23_to_2020-10-08.pmtiles
2020-03-26_to_2021-03-25,https://data.archive.aero/sectionals/2020-03-26_to_2021-03-25.pmtiles
2020-03-26_to_2020-10-08,https://data.archive.aero/sectionals/2020-03-26_to_2020-10-08.pmtiles
2020-03-26_to_2020-09-10,https://data.archive.aero/sectionals/2020-03-26_to_2020-09-10.pmtiles
2020-02-27_to_2021-10-14,https://data.archive.aero/sectionals/2020-02-27_to_2021-10-14.pmtiles
2020-02-27_to_2021-02-25,https://data.archive.aero/sectionals/2020-02-27_to_2021-02-25.pmtiles
2020-02-27_to_2020-09-10,https://data.archive.aero/sectionals/2020-02-27_to_2020-09-10.pmtiles
2020-02-27_to_2020-08-13,https://data.archive.aero/sectionals/2020-02-27_to_2020-08-13.pmtiles
2020-01-30_to_2021-01-28,https://data.archive.aero/sectionals/2020-01-30_to_2021-01-28.pmtiles
2020-01-30_to_2020-08-13,https://data.archive.aero/sectionals/2020-01-30_to_2020-08-13.pmtiles
2020-01-30_to_2020-07-16,https://data.archive.aero/sectionals/2020-01-30_to_2020-07-16.pmtiles
2020-01-02_to_2020-07-16,https://data.archive.aero/sectionals/2020-01-02_to_2020-07-16.pmtiles
2020-01-02_to_2020-06-18,https://data.archive.aero/sectionals/2020-01-02_to_2020-06-18.pmtiles
2019-12-05_to_2020-06-18,https://data.archive.aero/sectionals/2019-12-05_to_2020-06-18.pmtiles
2019-12-05_to_2020-05-21,https://data.archive.aero/sectionals/2019-12-05_to_2020-05-21.pmtiles
2019-11-07_to_2020-11-05,https://data.archive.aero/sectionals/2019-11-07_to_2020-11-05.pmtiles
2019-11-07_to_2020-05-21,https://data.archive.aero/sectionals/2019-11-07_to_2020-05-21.pmtiles
2019-11-07_to_2020-04-23,https://data.archive.aero/sectionals/2019-11-07_to_2020-04-23.pmtiles
2019-10-10_to_2020-10-08,https://data.archive.aero/sectionals/2019-10-10_to_2020-10-08.pmtiles
2019-10-10_to_2020-04-23,https://data.archive.aero/sectionals/2019-10-10_to_2020-04-23.pmtiles
2019-10-10_to_2020-03-26,https://data.archive.aero/sectionals/2019-10-10_to_2020-03-26.pmtiles
2019-09-12_to_2020-03-26,https://data.archive.aero/sectionals/2019-09-12_to_2020-03-26.pmtiles
2019-09-12_to_2020-02-27,https://data.archive.aero/sectionals/2019-09-12_to_2020-02-27.pmtiles
2019-08-15_to_2020-02-27,https://data.archive.aero/sectionals/2019-08-15_to_2020-02-27.pmtiles
2019-08-15_to_2020-01-30,https://data.archive.aero/sectionals/2019-08-15_to_2020-01-30.pmtiles
2019-07-18_to_2020-07-16,https://data.archive.aero/sectionals/2019-07-18_to_2020-07-16.pmtiles
2019-07-18_to_2020-01-30,https://data.archive.aero/sectionals/2019-07-18_to_2020-01-30.pmtiles
2019-07-18_to_2020-01-02,https://data.archive.aero/sectionals/2019-07-18_to_2020-01-02.pmtiles
2019-06-20_to_2020-06-18,https://data.archive.aero/sectionals/2019-06-20_to_2020-06-18.pmtiles
2019-06-20_to_2020-01-02,https://data.archive.aero/sectionals/2019-06-20_to_2020-01-02.pmtiles
2019-06-20_to_2019-12-05,https://data.archive.aero/sectionals/2019-06-20_to_2019-12-05.pmtiles
2019-05-23_to_2019-12-05,https://data.archive.aero/sectionals/2019-05-23_to_2019-12-05.pmtiles
2019-05-23_to_2019-11-07,https://data.archive.aero/sectionals/2019-05-23_to_2019-11-07.pmtiles
2019-04-25_to_2020-04-23,https://data.archive.aero/sectionals/2019-04-25_to_2020-04-23.pmtiles
2019-04-25_to_2019-11-07,https://data.archive.aero/sectionals/2019-04-25_to_2019-11-07.pmtiles
2019-04-25_to_2019-10-10,https://data.archive.aero/sectionals/2019-04-25_to_2019-10-10.pmtiles
2019-03-28_to_2020-03-26,https://data.archive.aero/sectionals/2019-03-28_to_2020-03-26.pmtiles
2019-03-28_to_2019-10-10,https://data.archive.aero/sectionals/2019-03-28_to_2019-10-10.pmtiles
2019-03-28_to_2019-09-12,https://data.archive.aero/sectionals/2019-03-28_to_2019-09-12.pmtiles
2019-02-28_to_2020-02-27,https://data.archive.aero/sectionals/2019-02-28_to_2020-02-27.pmtiles
2019-02-28_to_2019-09-12,https://data.archive.aero/sectionals/2019-02-28_to_2019-09-12.pmtiles
2019-02-28_to_2019-08-15,https://data.archive.aero/sectionals/2019-02-28_to_2019-08-15.pmtiles
2019-01-31_to_2020-01-30,https://data.archive.aero/sectionals/2019-01-31_to_2020-01-30.pmtiles
2019-01-31_to_2019-08-15,https://data.archive.aero/sectionals/2019-01-31_to_2019-08-15.pmtiles
2019-01-31_to_2019-07-18,https://data.archive.aero/sectionals/2019-01-31_to_2019-07-18.pmtiles
2019-01-03_to_2019-07-18,https://data.archive.aero/sectionals/2019-01-03_to_2019-07-18.pmtiles
2019-01-03_to_2019-06-20,https://data.archive.aero/sectionals/2019-01-03_to_2019-06-20.pmtiles
2018-12-06_to_2019-06-20,https://data.archive.aero/sectionals/2018-12-06_to_2019-06-20.pmtiles
2018-12-06_to_2019-05-23,https://data.archive.aero/sectionals/2018-12-06_to_2019-05-23.pmtiles
2018-11-08_to_2019-11-07,https://data.archive.aero/sectionals/2018-11-08_to_2019-11-07.pmtiles
2018-11-08_to_2019-05-23,https://data.archive.aero/sectionals/2018-11-08_to_2019-05-23.pmtiles
2018-11-08_to_2019-04-25,https://data.archive.aero/sectionals/2018-11-08_to_2019-04-25.pmtiles
2018-10-11_to_2019-10-10,https://data.archive.aero/sectionals/2018-10-11_to_2019-10-10.pmtiles
2018-10-11_to_2019-04-25,https://data.archive.aero/sectionals/2018-10-11_to_2019-04-25.pmtiles
2018-10-11_to_2019-03-28,https://data.archive.aero/sectionals/2018-10-11_to_2019-03-28.pmtiles
2018-09-13_to_2019-03-28,https://data.archive.aero/sectionals/2018-09-13_to_2019-03-28.pmtiles
2018-09-13_to_2019-02-28,https://data.archive.aero/sectionals/2018-09-13_to_2019-02-28.pmtiles
2018-08-16_to_2019-02-28,https://data.archive.aero/sectionals/2018-08-16_to_2019-02-28.pmtiles
2018-08-16_to_2019-01-31,https://data.archive.aero/sectionals/2018-08-16_to_2019-01-31.pmtiles
2018-07-19_to_2019-07-18,https://data.archive.aero/sectionals/2018-07-19_to_2019-07-18.pmtiles
2018-07-19_to_2019-01-31,https://data.archive.aero/sectionals/2018-07-19_to_2019-01-31.pmtiles
2018-07-19_to_2019-01-03,https://data.archive.aero/sectionals/2018-07-19_to_2019-01-03.pmtiles
2018-07-12_to_2020-02-27,https://data.archive.aero/sectionals/2018-07-12_to_2020-02-27.pmtiles
2018-06-21_to_2019-06-20,https://data.archive.aero/sectionals/2018-06-21_to_2019-06-20.pmtiles
2018-06-21_to_2019-01-03,https://data.archive.aero/sectionals/2018-06-21_to_2019-01-03.pmtiles
2018-06-21_to_2018-12-06,https://data.archive.aero/sectionals/2018-06-21_to_2018-12-06.pmtiles
2018-05-24_to_2018-12-06,https://data.archive.aero/sectionals/2018-05-24_to_2018-12-06.pmtiles
2018-05-24_to_2018-11-08,https://data.archive.aero/sectionals/2018-05-24_to_2018-11-08.pmtiles
2018-04-26_to_2019-04-25,https://data.archive.aero/sectionals/2018-04-26_to_2019-04-25.pmtiles
2018-04-26_to_2018-11-08,https://data.archive.aero/sectionals/2018-04-26_to_2018-11-08.pmtiles
2018-04-26_to_2018-10-11,https://data.archive.aero/sectionals/2018-04-26_to_2018-10-11.pmtiles
2018-03-29_to_2019-03-28,https://data.archive.aero/sectionals/2018-03-29_to_2019-03-28.pmtiles
2018-03-29_to_2018-10-11,https://data.archive.aero/sectionals/2018-03-29_to_2018-10-11.pmtiles
2018-03-29_to_2018-09-13,https://data.archive.aero/sectionals/2018-03-29_to_2018-09-13.pmtiles
2018-03-01_to_2019-10-17,https://data.archive.aero/sectionals/2018-03-01_to_2019-10-17.pmtiles
2018-03-01_to_2019-02-28,https://data.archive.aero/sectionals/2018-03-01_to_2019-02-28.pmtiles
2018-03-01_to_2018-09-13,https://data.archive.aero/sectionals/2018-03-01_to_2018-09-13.pmtiles
2018-03-01_to_2018-08-16,https://data.archive.aero/sectionals/2018-03-01_to_2018-08-16.pmtiles
2018-02-01_to_2019-01-31,https://data.archive.aero/sectionals/2018-02-01_to_2019-01-31.pmtiles
2018-02-01_to_2018-08-16,https://data.archive.aero/sectionals/2018-02-01_to_2018-08-16.pmtiles
2018-02-01_to_2018-07-19,https://data.archive.aero/sectionals/2018-02-01_to_2018-07-19.pmtiles
2018-01-04_to_2018-07-19,https://data.archive.aero/sectionals/2018-01-04_to_2018-07-19.pmtiles
2018-01-04_to_2018-06-21,https://data.archive.aero/sectionals/2018-01-04_to_2018-06-21.pmtiles
2017-12-07_to_2018-06-21,https://data.archive.aero/sectionals/2017-12-07_to_2018-06-21.pmtiles
2017-12-07_to_2018-05-24,https://data.archive.aero/sectionals/2017-12-07_to_2018-05-24.pmtiles
2017-11-09_to_2018-11-08,https://data.archive.aero/sectionals/2017-11-09_to_2018-11-08.pmtiles
2017-11-09_to_2018-05-24,https://data.archive.aero/sectionals/2017-11-09_to_2018-05-24.pmtiles
2017-11-09_to_2018-04-26,https://data.archive.aero/sectionals/2017-11-09_to_2018-04-26.pmtiles
2017-10-12_to_2018-10-11,https://data.archive.aero/sectionals/2017-10-12_to_2018-10-11.pmtiles
2017-10-12_to_2018-04-26,https://data.archive.aero/sectionals/2017-10-12_to_2018-04-26.pmtiles
2017-10-12_to_2018-03-29,https://data.archive.aero/sectionals/2017-10-12_to_2018-03-29.pmtiles
2017-09-14_to_2018-03-29,https://data.archive.aero/sectionals/2017-09-14_to_2018-03-29.pmtiles
2017-09-14_to_2018-03-01,https://data.archive.aero/sectionals/2017-09-14_to_2018-03-01.pmtiles
2017-08-17_to_2018-03-01,https://data.archive.aero/sectionals/2017-08-17_to_2018-03-01.pmtiles
2017-08-17_to_2018-02-01,https://data.archive.aero/sectionals/2017-08-17_to_2018-02-01.pmtiles
2017-07-20_to_2018-07-19,https://data.archive.aero/sectionals/2017-07-20_to_2018-07-19.pmtiles
2017-07-20_to_2018-02-01,https://data.archive.aero/sectionals/2017-07-20_to_2018-02-01.pmtiles
2017-07-20_to_2018-01-04,https://data.archive.aero/sectionals/2017-07-20_to_2018-01-04.pmtiles
2017-06-22_to_2018-06-21,https://data.archive.aero/sectionals/2017-06-22_to_2018-06-21.pmtiles
2017-06-22_to_2018-01-04,https://data.archive.aero/sectionals/2017-06-22_to_2018-01-04.pmtiles
2017-06-22_to_2017-12-07,https://data.archive.aero/sectionals/2017-06-22_to_2017-12-07.pmtiles
2017-05-25_to_2017-12-07,https://data.archive.aero/sectionals/2017-05-25_to_2017-12-07.pmtiles
2017-05-25_to_2017-11-09,https://data.archive.aero/sectionals/2017-05-25_to_2017-11-09.pmtiles
2017-04-27_to_2018-04-26,https://data.archive.aero/sectionals/2017-04-27_to_2018-04-26.pmtiles
2017-04-27_to_2017-11-09,https://data.archive.aero/sectionals/2017-04-27_to_2017-11-09.pmtiles
2017-04-27_to_2017-10-12,https://data.archive.aero/sectionals/2017-04-27_to_2017-10-12.pmtiles
2017-03-30_to_2018-03-29,https://data.archive.aero/sectionals/2017-03-30_to_2018-03-29.pmtiles
2017-03-30_to_2017-10-12,https://data.archive.aero/sectionals/2017-03-30_to_2017-10-12.pmtiles
2017-03-30_to_2017-09-14,https://data.archive.aero/sectionals/2017-03-30_to_2017-09-14.pmtiles
2017-03-02_to_2018-10-18,https://data.archive.aero/sectionals/2017-03-02_to_2018-10-18.pmtiles
2017-03-02_to_2017-09-14,https://data.archive.aero/sectionals/2017-03-02_to_2017-09-14.pmtiles
2017-03-02_to_2017-08-17,https://data.archive.aero/sectionals/2017-03-02_to_2017-08-17.pmtiles
2017-02-02_to_2018-02-01,https://data.archive.aero/sectionals/2017-02-02_to_2018-02-01.pmtiles
2017-02-02_to_2017-08-17,https://data.archive.aero/sectionals/2017-02-02_to_2017-08-17.pmtiles
2017-02-02_to_2017-07-20,https://data.archive.aero/sectionals/2017-02-02_to_2017-07-20.pmtiles
2017-01-05_to_2017-07-20,https://data.archive.aero/sectionals/2017-01-05_to_2017-07-20.pmtiles
2017-01-05_to_2017-06-22,https://data.archive.aero/sectionals/2017-01-05_to_2017-06-22.pmtiles
2016-12-08_to_2017-06-22,https://data.archive.aero/sectionals/2016-12-08_to_2017-06-22.pmtiles
2016-12-08_to_2017-05-25,https://data.archive.aero/sectionals/2016-12-08_to_2017-05-25.pmtiles
2016-11-10_to_2017-11-09,https://data.archive.aero/sectionals/2016-11-10_to_2017-11-09.pmtiles
2016-11-10_to_2017-05-25,https://data.archive.aero/sectionals/2016-11-10_to_2017-05-25.pmtiles
2016-11-10_to_2017-04-27,https://data.archive.aero/sectionals/2016-11-10_to_2017-04-27.pmtiles
2016-10-13_to_2017-10-12,https://data.archive.aero/sectionals/2016-10-13_to_2017-10-12.pmtiles
2016-10-13_to_2017-04-27,https://data.archive.aero/sectionals/2016-10-13_to_2017-04-27.pmtiles
2016-10-13_to_2017-03-30,https://data.archive.aero/sectionals/2016-10-13_to_2017-03-30.pmtiles
2016-09-15_to_2017-03-30,https://data.archive.aero/sectionals/2016-09-15_to_2017-03-30.pmtiles
2016-09-15_to_2017-03-02,https://data.archive.aero/sectionals/2016-09-15_to_2017-03-02.pmtiles
2016-08-18_to_2017-03-02,https://data.archive.aero/sectionals/2016-08-18_to_2017-03-02.pmtiles
2016-08-18_to_2017-02-02,https://data.archive.aero/sectionals/2016-08-18_to_2017-02-02.pmtiles
2016-07-21_to_2017-07-20,https://data.archive.aero/sectionals/2016-07-21_to_2017-07-20.pmtiles
2016-07-21_to_2017-02-02,https://data.archive.aero/sectionals/2016-07-21_to_2017-02-02.pmtiles
2016-07-21_to_2017-01-05,https://data.archive.aero/sectionals/2016-07-21_to_2017-01-05.pmtiles
2016-07-14_to_2018-03-01,https://data.archive.aero/sectionals/2016-07-14_to_2018-03-01.pmtiles
2016-07-14_to_2016-12-29,https://data.archive.aero/sectionals/2016-07-14_to_2016-12-29.pmtiles
2016-06-23_to_2017-06-22,https://data.archive.aero/sectionals/2016-06-23_to_2017-06-22.pmtiles
2016-06-23_to_2017-01-05,https://data.archive.aero/sectionals/2016-06-23_to_2017-01-05.pmtiles
2016-06-23_to_2016-12-08,https://data.archive.aero/sectionals/2016-06-23_to_2016-12-08.pmtiles
2016-05-26_to_2016-12-08,https://data.archive.aero/sectionals/2016-05-26_to_2016-12-08.pmtiles
2016-05-26_to_2016-11-10,https://data.archive.aero/sectionals/2016-05-26_to_2016-11-10.pmtiles
2016-05-25_to_2016-12-07,https://data.archive.aero/sectionals/2016-05-25_to_2016-12-07.pmtiles
2016-04-28_to_2017-04-27,https://data.archive.aero/sectionals/2016-04-28_to_2017-04-27.pmtiles
2016-04-28_to_2016-11-10,https://data.archive.aero/sectionals/2016-04-28_to_2016-11-10.pmtiles
2016-04-28_to_2016-10-13,https://data.archive.aero/sectionals/2016-04-28_to_2016-10-13.pmtiles
2016-04-22_to_2016-10-07,https://data.archive.aero/sectionals/2016-04-22_to_2016-10-07.pmtiles
2016-03-31_to_2017-03-30,https://data.archive.aero/sectionals/2016-03-31_to_2017-03-30.pmtiles
2016-03-31_to_2016-10-13,https://data.archive.aero/sectionals/2016-03-31_to_2016-10-13.pmtiles
2016-03-31_to_2016-09-15,https://data.archive.aero/sectionals/2016-03-31_to_2016-09-15.pmtiles
2016-03-03_to_2018-03-01,https://data.archive.aero/sectionals/2016-03-03_to_2018-03-01.pmtiles
2016-03-03_to_2017-10-19,https://data.archive.aero/sectionals/2016-03-03_to_2017-10-19.pmtiles
2016-03-03_to_2017-03-02,https://data.archive.aero/sectionals/2016-03-03_to_2017-03-02.pmtiles
2016-03-03_to_2016-09-15,https://data.archive.aero/sectionals/2016-03-03_to_2016-09-15.pmtiles
2016-03-03_to_2016-08-18,https://data.archive.aero/sectionals/2016-03-03_to_2016-08-18.pmtiles
2016-02-04_to_2017-02-02,https://data.archive.aero/sectionals/2016-02-04_to_2017-02-02.pmtiles
2016-02-04_to_2016-08-18,https://data.archive.aero/sectionals/2016-02-04_to_2016-08-18.pmtiles
2016-02-04_to_2016-07-21,https://data.archive.aero/sectionals/2016-02-04_to_2016-07-21.pmtiles
2016-01-07_to_2016-07-21,https://data.archive.aero/sectionals/2016-01-07_to_2016-07-21.pmtiles
2016-01-07_to_2016-06-23,https://data.archive.aero/sectionals/2016-01-07_to_2016-06-23.pmtiles
2015-12-10_to_2016-06-23,https://data.archive.aero/sectionals/2015-12-10_to_2016-06-23.pmtiles
2015-12-10_to_2016-05-26,https://data.archive.aero/sectionals/2015-12-10_to_2016-05-26.pmtiles
2015-11-12_to_2016-11-10,https://data.archive.aero/sectionals/2015-11-12_to_2016-11-10.pmtiles
2015-11-12_to_2016-05-26,https://data.archive.aero/sectionals/2015-11-12_to_2016-05-26.pmtiles
2015-11-12_to_2016-04-28,https://data.archive.aero/sectionals/2015-11-12_to_2016-04-28.pmtiles
2015-10-15_to_2016-10-13,https://data.archive.aero/sectionals/2015-10-15_to_2016-10-13.pmtiles
2015-10-15_to_2016-04-28,https://data.archive.aero/sectionals/2015-10-15_to_2016-04-28.pmtiles
2015-10-15_to_2016-03-31,https://data.archive.aero/sectionals/2015-10-15_to_2016-03-31.pmtiles
2015-09-17_to_2016-03-31,https://data.archive.aero/sectionals/2015-09-17_to_2016-03-31.pmtiles
2015-09-17_to_2016-03-03,https://data.archive.aero/sectionals/2015-09-17_to_2016-03-03.pmtiles
2015-09-06_to_2017-09-03,https://data.archive.aero/sectionals/2015-09-06_to_2017-09-03.pmtiles
2015-09-06_to_2016-03-20,https://data.archive.aero/sectionals/2015-09-06_to_2016-03-20.pmtiles
2015-08-20_to_2016-03-03,https://data.archive.aero/sectionals/2015-08-20_to_2016-03-03.pmtiles
2015-08-20_to_2016-02-04,https://data.archive.aero/sectionals/2015-08-20_to_2016-02-04.pmtiles
2015-07-23_to_2016-07-21,https://data.archive.aero/sectionals/2015-07-23_to_2016-07-21.pmtiles
2015-07-23_to_2016-02-04,https://data.archive.aero/sectionals/2015-07-23_to_2016-02-04.pmtiles
2015-07-23_to_2016-01-07,https://data.archive.aero/sectionals/2015-07-23_to_2016-01-07.pmtiles
2015-06-25_to_2016-06-23,https://data.archive.aero/sectionals/2015-06-25_to_2016-06-23.pmtiles
2015-06-25_to_2016-01-07,https://data.archive.aero/sectionals/2015-06-25_to_2016-01-07.pmtiles
2015-06-25_to_2015-12-10,https://data.archive.aero/sectionals/2015-06-25_to_2015-12-10.pmtiles
2015-05-28_to_2015-12-10,https://data.archive.aero/sectionals/2015-05-28_to_2015-12-10.pmtiles
2015-05-28_to_2015-11-12,https://data.archive.aero/sectionals/2015-05-28_to_2015-11-12.pmtiles
2015-04-30_to_2016-04-28,https://data.archive.aero/sectionals/2015-04-30_to_2016-04-28.pmtiles
2015-04-30_to_2015-11-12,https://data.archive.aero/sectionals/2015-04-30_to_2015-11-12.pmtiles
2015-04-30_to_2015-10-15,https://data.archive.aero/sectionals/2015-04-30_to_2015-10-15.pmtiles
2015-04-02_to_2016-03-31,https://data.archive.aero/sectionals/2015-04-02_to_2016-03-31.pmtiles
2015-04-02_to_2015-10-15,https://data.archive.aero/sectionals/2015-04-02_to_2015-10-15.pmtiles
2015-04-02_to_2015-09-17,https://data.archive.aero/sectionals/2015-04-02_to_2015-09-17.pmtiles
2015-03-05_to_2016-03-03,https://data.archive.aero/sectionals/2015-03-05_to_2016-03-03.pmtiles
2015-03-05_to_2015-09-17,https://data.archive.aero/sectionals/2015-03-05_to_2015-09-17.pmtiles
2015-03-05_to_2015-08-20,https://data.archive.aero/sectionals/2015-03-05_to_2015-08-20.pmtiles
2015-02-05_to_2016-02-04,https://data.archive.aero/sectionals/2015-02-05_to_2016-02-04.pmtiles
2014-10-16_to_2015-10-15,https://data.archive.aero/sectionals/2014-10-16_to_2015-10-15.pmtiles
2014-08-22_to_2015-02-06,https://data.archive.aero/sectionals/2014-08-22_to_2015-02-06.pmtiles
2014-08-14_to_2015-02-26,https://data.archive.aero/sectionals/2014-08-14_to_2015-02-26.pmtiles
2014-08-14_to_2015-01-29,https://data.archive.aero/sectionals/2014-08-14_to_2015-01-29.pmtiles
2014-08-13_to_2015-02-25,https://data.archive.aero/sectionals/2014-08-13_to_2015-02-25.pmtiles
2014-07-17_to_2016-03-03,https://data.archive.aero/sectionals/2014-07-17_to_2016-03-03.pmtiles
2014-06-26_to_2015-06-25,https://data.archive.aero/sectionals/2014-06-26_to_2015-06-25.pmtiles
2014-06-26_to_2015-01-08,https://data.archive.aero/sectionals/2014-06-26_to_2015-01-08.pmtiles
2014-06-26_to_2014-12-11,https://data.archive.aero/sectionals/2014-06-26_to_2014-12-11.pmtiles
2014-05-29_to_2014-12-11,https://data.archive.aero/sectionals/2014-05-29_to_2014-12-11.pmtiles
2014-05-29_to_2014-11-13,https://data.archive.aero/sectionals/2014-05-29_to_2014-11-13.pmtiles
2014-05-01_to_2015-04-30,https://data.archive.aero/sectionals/2014-05-01_to_2015-04-30.pmtiles
2014-05-01_to_2014-10-16,https://data.archive.aero/sectionals/2014-05-01_to_2014-10-16.pmtiles
2014-04-03_to_2015-04-02,https://data.archive.aero/sectionals/2014-04-03_to_2015-04-02.pmtiles
2014-03-06_to_2016-03-03,https://data.archive.aero/sectionals/2014-03-06_to_2016-03-03.pmtiles
2014-03-06_to_2015-03-05,https://data.archive.aero/sectionals/2014-03-06_to_2015-03-05.pmtiles
2014-03-06_to_2014-09-18,https://data.archive.aero/sectionals/2014-03-06_to_2014-09-18.pmtiles
2014-03-06_to_2014-08-21,https://data.archive.aero/sectionals/2014-03-06_to_2014-08-21.pmtiles
2014-02-06_to_2015-02-05,https://data.archive.aero/sectionals/2014-02-06_to_2015-02-05.pmtiles
2014-02-06_to_2014-08-21,https://data.archive.aero/sectionals/2014-02-06_to_2014-08-21.pmtiles
2014-02-06_to_2014-07-24,https://data.archive.aero/sectionals/2014-02-06_to_2014-07-24.pmtiles
2014-01-13_to_2015-01-12,https://data.archive.aero/sectionals/2014-01-13_to_2015-01-12.pmtiles
2014-01-13_to_2014-07-28,https://data.archive.aero/sectionals/2014-01-13_to_2014-07-28.pmtiles
2014-01-13_to_2014-06-30,https://data.archive.aero/sectionals/2014-01-13_to_2014-06-30.pmtiles
2014-01-09_to_2014-07-24,https://data.archive.aero/sectionals/2014-01-09_to_2014-07-24.pmtiles
2014-01-09_to_2014-06-26,https://data.archive.aero/sectionals/2014-01-09_to_2014-06-26.pmtiles
2013-12-12_to_2014-06-26,https://data.archive.aero/sectionals/2013-12-12_to_2014-06-26.pmtiles
2013-12-12_to_2014-05-29,https://data.archive.aero/sectionals/2013-12-12_to_2014-05-29.pmtiles
2013-11-14_to_2014-05-29,https://data.archive.aero/sectionals/2013-11-14_to_2014-05-29.pmtiles
2013-11-14_to_2014-05-01,https://data.archive.aero/sectionals/2013-11-14_to_2014-05-01.pmtiles
2013-10-17_to_2014-10-16,https://data.archive.aero/sectionals/2013-10-17_to_2014-10-16.pmtiles
2013-10-17_to_2014-05-01,https://data.archive.aero/sectionals/2013-10-17_to_2014-05-01.pmtiles
2013-10-17_to_2014-04-03,https://data.archive.aero/sectionals/2013-10-17_to_2014-04-03.pmtiles
2013-09-19_to_2014-04-03,https://data.archive.aero/sectionals/2013-09-19_to_2014-04-03.pmtiles
2013-09-19_to_2014-03-06,https://data.archive.aero/sectionals/2013-09-19_to_2014-03-06.pmtiles
2013-08-22_to_2014-08-21,https://data.archive.aero/sectionals/2013-08-22_to_2014-08-21.pmtiles
2013-08-22_to_2014-02-06,https://data.archive.aero/sectionals/2013-08-22_to_2014-02-06.pmtiles
2013-07-25_to_2014-07-24,https://data.archive.aero/sectionals/2013-07-25_to_2014-07-24.pmtiles
2013-06-27_to_2014-06-26,https://data.archive.aero/sectionals/2013-06-27_to_2014-06-26.pmtiles
2013-05-02_to_2014-05-01,https://data.archive.aero/sectionals/2013-05-02_to_2014-05-01.pmtiles
2013-04-04_to_2014-04-03,https://data.archive.aero/sectionals/2013-04-04_to_2014-04-03.pmtiles
2013-02-07_to_2014-02-06,https://data.archive.aero/sectionals/2013-02-07_to_2014-02-06.pmtiles
2013-02-07_to_2013-08-22,https://data.archive.aero/sectionals/2013-02-07_to_2013-08-22.pmtiles
2013-02-07_to_2013-07-25,https://data.archive.aero/sectionals/2013-02-07_to_2013-07-25.pmtiles
2013-01-10_to_2013-07-25,https://data.archive.aero/sectionals/2013-01-10_to_2013-07-25.pmtiles
2013-01-10_to_2013-06-27,https://data.archive.aero/sectionals/2013-01-10_to_2013-06-27.pmtiles
2012-12-13_to_2013-06-27,https://data.archive.aero/sectionals/2012-12-13_to_2013-06-27.pmtiles
2012-12-13_to_2013-05-30,https://data.archive.aero/sectionals/2012-12-13_to_2013-05-30.pmtiles
2012-11-15_to_2013-05-30,https://data.archive.aero/sectionals/2012-11-15_to_2013-05-30.pmtiles
2012-11-15_to_2013-05-02,https://data.archive.aero/sectionals/2012-11-15_to_2013-05-02.pmtiles
2012-10-18_to_2013-10-17,https://data.archive.aero/sectionals/2012-10-18_to_2013-10-17.pmtiles
2012-10-18_to_2013-05-02,https://data.archive.aero/sectionals/2012-10-18_to_2013-05-02.pmtiles
2012-10-18_to_2013-04-04,https://data.archive.aero/sectionals/2012-10-18_to_2013-04-04.pmtiles
2012-09-20_to_2013-04-04,https://data.archive.aero/sectionals/2012-09-20_to_2013-04-04.pmtiles
2012-09-20_to_2013-03-07,https://data.archive.aero/sectionals/2012-09-20_to_2013-03-07.pmtiles
2012-08-23_to_2013-08-22,https://data.archive.aero/sectionals/2012-08-23_to_2013-08-22.pmtiles
2012-08-23_to_2013-03-07,https://data.archive.aero/sectionals/2012-08-23_to_2013-03-07.pmtiles
2012-08-23_to_2013-02-07,https://data.archive.aero/sectionals/2012-08-23_to_2013-02-07.pmtiles
2012-07-26_to_2013-07-25,https://data.archive.aero/sectionals/2012-07-26_to_2013-07-25.pmtiles
2012-06-26_to_2013-06-25,https://data.archive.aero/sectionals/2012-06-26_to_2013-06-25.pmtiles
2012-05-03_to_2013-05-02,https://data.archive.aero/sectionals/2012-05-03_to_2013-05-02.pmtiles
2012-04-05_to_2013-04-04,https://data.archive.aero/sectionals/2012-04-05_to_2013-04-04.pmtiles
2012-03-08_to_2014-03-06,https://data.archive.aero/sectionals/2012-03-08_to_2014-03-06.pmtiles
2012-03-08_to_2013-03-07,https://data.archive.aero/sectionals/2012-03-08_to_2013-03-07.pmtiles
2011-09-22_to_2012-04-05,https://data.archive.aero/sectionals/2011-09-22_to_2012-04-05.pmtiles
2011-09-22_to_2012-03-08,https://data.archive.aero/sectionals/2011-09-22_to_2012-03-08.pmtiles
2011-08-25_to_2012-08-23,https://data.archive.aero/sectionals/2011-08-25_to_2012-08-23.pmtiles
2011-08-25_to_2012-03-08,https://data.archive.aero/sectionals/2011-08-25_to_2012-03-08.pmtiles
2011-08-25_to_2012-02-09,https://data.archive.aero/sectionals/2011-08-25_to_2012-02-09.pmtiles
2011-07-28_to_2012-07-26,https://data.archive.aero/sectionals/2011-07-28_to_2012-07-26.pmtiles
2011-07-28_to_2012-02-09,https://data.archive.aero/sectionals/2011-07-28_to_2012-02-09.pmtiles
2011-07-28_to_2012-01-12,https://data.archive.aero/sectionals/2011-07-28_to_2012-01-12.pmtiles
2011-06-30_to_2012-06-28,https://data.archive.aero/sectionals/2011-06-30_to_2012-06-28.pmtiles
2011-06-30_to_2012-01-12,https://data.archive.aero/sectionals/2011-06-30_to_2012-01-12.pmtiles
2011-06-02_to_2011-12-15,https://data.archive.aero/sectionals/2011-06-02_to_2011-12-15.pmtiles
2011-06-02_to_2011-11-17,https://data.archive.aero/sectionals/2011-06-02_to_2011-11-17.pmtiles
2011-05-05_to_2012-05-03,https://data.archive.aero/sectionals/2011-05-05_to_2012-05-03.pmtiles
2011-05-05_to_2011-11-17,https://data.archive.aero/sectionals/2011-05-05_to_2011-11-17.pmtiles
2011-05-05_to_2011-10-20,https://data.archive.aero/sectionals/2011-05-05_to_2011-10-20.pmtiles
2011-04-07_to_2012-04-05,https://data.archive.aero/sectionals/2011-04-07_to_2012-04-05.pmtiles
2011-04-07_to_2011-09-22,https://data.archive.aero/sectionals/2011-04-07_to_2011-09-22.pmtiles
2011-03-10_to_2013-03-07,https://data.archive.aero/sectionals/2011-03-10_to_2013-03-07.pmtiles
2011-03-10_to_2012-03-08,https://data.archive.aero/sectionals/2011-03-10_to_2012-03-08.pmtiles
2011-02-10_to_2012-02-09,https://data.archive.aero/sectionals/2011-02-10_to_2012-02-09.pmtiles
2010-10-21_to_2011-10-20,https://data.archive.aero/sectionals/2010-10-21_to_2011-10-20.pmtiles
1971-06-24,https://data.archive.aero/sectionals/1971-06-24.pmtiles
1971-05-27,https://data.archive.aero/sectionals/1971-05-27.pmtiles
1971-04-29,https://data.archive.aero/sectionals/1971-04-29.pmtiles
1971-03-04,https://data.archive.aero/sectionals/1971-03-04.pmtiles
1971-02-04,https://data.archive.aero/sectionals/1971-02-04.pmtiles
1971-02-01,https://data.archive.aero/sectionals/1971-02-01.pmtiles
1970-12-10,https://data.archive.aero/sectionals/1970-12-10.pmtiles
1970-11-12,https://data.archive.aero/sectionals/1970-11-12.pmtiles
1970-11-01,https://data.archive.aero/sectionals/1970-11-01.pmtiles
1970-10-15,https://data.archive.aero/sectionals/1970-10-15.pmtiles
1970-09-17,https://data.archive.aero/sectionals/1970-09-17.pmtiles
1970-09-01,https://data.archive.aero/sectionals/1970-09-01.pmtiles
1970-08-20,https://data.archive.aero/sectionals/1970-08-20.pmtiles
1970-07-23,https://data.archive.aero/sectionals/1970-07-23.pmtiles
1970-06-25,https://data.archive.aero/sectionals/1970-06-25.pmtiles
1970-05-28,https://data.archive.aero/sectionals/1970-05-28.pmtiles
1970-05-27,https://data.archive.aero/sectionals/1970-05-27.pmtiles
1970-05-01,https://data.archive.aero/sectionals/1970-05-01.pmtiles
1970-04-30,https://data.archive.aero/sectionals/1970-04-30.pmtiles
1970-04-02,https://data.archive.aero/sectionals/1970-04-02.pmtiles
1970-04-01,https://data.archive.aero/sectionals/1970-04-01.pmtiles
1970-03-05,https://data.archive.aero/sectionals/1970-03-05.pmtiles
1970-03-01,https://data.archive.aero/sectionals/1970-03-01.pmtiles
1970-02-05,https://data.archive.aero/sectionals/1970-02-05.pmtiles
1970-01-08,https://data.archive.aero/sectionals/1970-01-08.pmtiles
1969-12-11,https://data.archive.aero/sectionals/1969-12-11.pmtiles
1969-11-13,https://data.archive.aero/sectionals/1969-11-13.pmtiles
1969-11-01,https://data.archive.aero/sectionals/1969-11-01.pmtiles
1969-10-16,https://data.archive.aero/sectionals/1969-10-16.pmtiles
1969-09-18,https://data.archive.aero/sectionals/1969-09-18.pmtiles
1969-09-01,https://data.archive.aero/sectionals/1969-09-01.pmtiles
1969-08-21,https://data.archive.aero/sectionals/1969-08-21.pmtiles
1969-07-24,https://data.archive.aero/sectionals/1969-07-24.pmtiles
1969-07-01,https://data.archive.aero/sectionals/1969-07-01.pmtiles
1969-05-29,https://data.archive.aero/sectionals/1969-05-29.pmtiles
1969-05-01,https://data.archive.aero/sectionals/1969-05-01.pmtiles
1969-04-03,https://data.archive.aero/sectionals/1969-04-03.pmtiles
1969-04-01,https://data.archive.aero/sectionals/1969-04-01.pmtiles
1969-03-06,https://data.archive.aero/sectionals/1969-03-06.pmtiles
1969-03-01,https://data.archive.aero/sectionals/1969-03-01.pmtiles
1969-02-06,https://data.archive.aero/sectionals/1969-02-06.pmtiles
1969-02-01,https://data.archive.aero/sectionals/1969-02-01.pmtiles
1969-01-09,https://data.archive.aero/sectionals/1969-01-09.pmtiles
1968-12-12,https://data.archive.aero/sectionals/1968-12-12.pmtiles
1968-11-14,https://data.archive.aero/sectionals/1968-11-14.pmtiles
1968-11-01,https://data.archive.aero/sectionals/1968-11-01.pmtiles
1968-10-17,https://data.archive.aero/sectionals/1968-10-17.pmtiles
1968-09-19,https://data.archive.aero/sectionals/1968-09-19.pmtiles
1968-09-01,https://data.archive.aero/sectionals/1968-09-01.pmtiles
1968-08-22,https://data.archive.aero/sectionals/1968-08-22.pmtiles
1968-08-01,https://data.archive.aero/sectionals/1968-08-01.pmtiles
1968-07-25,https://data.archive.aero/sectionals/1968-07-25.pmtiles
1968-06-20,https://data.archive.aero/sectionals/1968-06-20.pmtiles
1968-06-01,https://data.archive.aero/sectionals/1968-06-01.pmtiles
1968-05-23,https://data.archive.aero/sectionals/1968-05-23.pmtiles
1968-04-25,https://data.archive.aero/sectionals/1968-04-25.pmtiles
1968-04-01,https://data.archive.aero/sectionals/1968-04-01.pmtiles
1968-03-28,https://data.archive.aero/sectionals/1968-03-28.pmtiles
1968-02-29,https://data.archive.aero/sectionals/1968-02-29.pmtiles
1968-02-01,https://data.archive.aero/sectionals/1968-02-01.pmtiles
1968-01-04,https://data.archive.aero/sectionals/1968-01-04.pmtiles
1967-12-07,https://data.archive.aero/sectionals/1967-12-07.pmtiles
1967-12-01,https://data.archive.aero/sectionals/1967-12-01.pmtiles
1967-11-09,https://data.archive.aero/sectionals/1967-11-09.pmtiles
1967-11-01,https://data.archive.aero/sectionals/1967-11-01.pmtiles
1967-10-12,https://data.archive.aero/sectionals/1967-10-12.pmtiles
1967-09-14,https://data.archive.aero/sectionals/1967-09-14.pmtiles
1967-09-01,https://data.archive.aero/sectionals/1967-09-01.pmtiles
1967-08-17,https://data.archive.aero/sectionals/1967-08-17.pmtiles
1967-08-01,https://data.archive.aero/sectionals/1967-08-01.pmtiles
1967-07-20,https://data.archive.aero/sectionals/1967-07-20.pmtiles
1967-05-25,https://data.archive.aero/sectionals/1967-05-25.pmtiles
1967-04-01,https://data.archive.aero/sectionals/1967-04-01.pmtiles
1967-03-02,https://data.archive.aero/sectionals/1967-03-02.pmtiles
1967-03-01,https://data.archive.aero/sectionals/1967-03-01.pmtiles
1967-02-02,https://data.archive.aero/sectionals/1967-02-02.pmtiles
1966-11-10,https://data.archive.aero/sectionals/1966-11-10.pmtiles
1966-11-01,https://data.archive.aero/sectionals/1966-11-01.pmtiles
1966-09-01,https://data.archive.aero/sectionals/1966-09-01.pmtiles
1966-08-18,https://data.archive.aero/sectionals/1966-08-18.pmtiles
1966-08-01,https://data.archive.aero/sectionals/1966-08-01.pmtiles
1966-07-21,https://data.archive.aero/sectionals/1966-07-21.pmtiles
1966-05-01,https://data.archive.aero/sectionals/1966-05-01.pmtiles
1966-04-28,https://data.archive.aero/sectionals/1966-04-28.pmtiles
1966-04-01,https://data.archive.aero/sectionals/1966-04-01.pmtiles
1966-03-02,https://data.archive.aero/sectionals/1966-03-02.pmtiles
1966-03-01,https://data.archive.aero/sectionals/1966-03-01.pmtiles
1966-02-03,https://data.archive.aero/sectionals/1966-02-03.pmtiles
1965-09-01,https://data.archive.aero/sectionals/1965-09-01.pmtiles
1965-08-19,https://data.archive.aero/sectionals/1965-08-19.pmtiles
1965-08-01,https://data.archive.aero/sectionals/1965-08-01.pmtiles
1965-07-22,https://data.archive.aero/sectionals/1965-07-22.pmtiles
1965-07-01,https://data.archive.aero/sectionals/1965-07-01.pmtiles
1965-04-29,https://data.archive.aero/sectionals/1965-04-29.pmtiles
1965-04-01,https://data.archive.aero/sectionals/1965-04-01.pmtiles
1965-03-04,https://data.archive.aero/sectionals/1965-03-04.pmtiles
1965-03-01,https://data.archive.aero/sectionals/1965-03-01.pmtiles
1965-02-04,https://data.archive.aero/sectionals/1965-02-04.pmtiles
1965-02-01,https://data.archive.aero/sectionals/1965-02-01.pmtiles
1961-03-07,https://data.archive.aero/sectionals/1961-03-07.pmtiles
1961-03-01,https://data.archive.aero/sectionals/1961-03-01.pmtiles
1961-02-28,https://data.archive.aero/sectionals/1961-02-28.pmtiles
1961-02-01,https://data.archive.aero/sectionals/1961-02-01.pmtiles
1960-11-18,https://data.archive.aero/sectionals/1960-11-18.pmtiles
1960-11-01,https://data.archive.aero/sectionals/1960-11-01.pmtiles
1960-09-01,https://data.archive.aero/sectionals/1960-09-01.pmtiles
1960-08-26,https://data.archive.aero/sectionals/1960-08-26.pmtiles
1960-08-01,https://data.archive.aero/sectionals/1960-08-01.pmtiles
1960-05-16,https://data.archive.aero/sectionals/1960-05-16.pmtiles
1960-04-01,https://data.archive.aero/sectionals/1960-04-01.pmtiles
1960-03-16,https://data.archive.aero/sectionals/1960-03-16.pmtiles
1960-03-08,https://data.archive.aero/sectionals/1960-03-08.pmtiles
1960-03-01,https://data.archive.aero/sectionals/1960-03-01.pmtiles
1959-11-23,https://data.archive.aero/sectionals/1959-11-23.pmtiles
1959-11-01,https://data.archive.aero/sectionals/1959-11-01.pmtiles
1959-09-01,https://data.archive.aero/sectionals/1959-09-01.pmtiles
1959-08-28,https://data.archive.aero/sectionals/1959-08-28.pmtiles
1959-08-01,https://data.archive.aero/sectionals/1959-08-01.pmtiles
1959-05-25,https://data.archive.aero/sectionals/1959-05-25.pmtiles
1959-04-01,https://data.archive.aero/sectionals/1959-04-01.pmtiles
1959-03-12,https://data.archive.aero/sectionals/1959-03-12.pmtiles
1959-03-09,https://data.archive.aero/sectionals/1959-03-09.pmtiles
1959-03-01,https://data.archive.aero/sectionals/1959-03-01.pmtiles
1958-11-20,https://data.archive.aero/sectionals/1958-11-20.pmtiles
1958-11-01,https://data.archive.aero/sectionals/1958-11-01.pmtiles
1958-09-01,https://data.archive.aero/sectionals/1958-09-01.pmtiles
1958-08-28,https://data.archive.aero/sectionals/1958-08-28.pmtiles
1958-08-01,https://data.archive.aero/sectionals/1958-08-01.pmtiles
1958-07-01,https://data.archive.aero/sectionals/1958-07-01.pmtiles
1958-05-23,https://data.archive.aero/sectionals/1958-05-23.pmtiles
1958-05-16,https://data.archive.aero/sectionals/1958-05-16.pmtiles
1958-04-01,https://data.archive.aero/sectionals/1958-04-01.pmtiles
1958-03-01,https://data.archive.aero/sectionals/1958-03-01.pmtiles
1957-11-21,https://data.archive.aero/sectionals/1957-11-21.pmtiles
1957-10-01,https://data.archive.aero/sectionals/1957-10-01.pmtiles
1957-09-03,https://data.archive.aero/sectionals/1957-09-03.pmtiles
1957-09-01,https://data.archive.aero/sectionals/1957-09-01.pmtiles
1957-08-01,https://data.archive.aero/sectionals/1957-08-01.pmtiles
1957-05-14,https://data.archive.aero/sectionals/1957-05-14.pmtiles
1957-05-01,https://data.archive.aero/sectionals/1957-05-01.pmtiles
1957-03-06,https://data.archive.aero/sectionals/1957-03-06.pmtiles
1957-03-01,https://data.archive.aero/sectionals/1957-03-01.pmtiles
1957-01-01,https://data.archive.aero/sectionals/1957-01-01.pmtiles
1956-11-01,https://data.archive.aero/sectionals/1956-11-01.pmtiles
1956-09-25,https://data.archive.aero/sectionals/1956-09-25.pmtiles
1956-09-01,https://data.archive.aero/sectionals/1956-09-01.pmtiles
1956-06-01,https://data.archive.aero/sectionals/1956-06-01.pmtiles
1956-05-01,https://data.archive.aero/sectionals/1956-05-01.pmtiles
1956-04-01,https://data.archive.aero/sectionals/1956-04-01.pmtiles
1956-03-15,https://data.archive.aero/sectionals/1956-03-15.pmtiles
1956-03-01,https://data.archive.aero/sectionals/1956-03-01.pmtiles
1955-11-09,https://data.archive.aero/sectionals/1955-11-09.pmtiles
1955-11-08,https://data.archive.aero/sectionals/1955-11-08.pmtiles
1955-10-01,https://data.archive.aero/sectionals/1955-10-01.pmtiles
1955-09-01,https://data.archive.aero/sectionals/1955-09-01.pmtiles
1955-08-01,https://data.archive.aero/sectionals/1955-08-01.pmtiles
1955-05-27,https://data.archive.aero/sectionals/1955-05-27.pmtiles
1955-05-01,https://data.archive.aero/sectionals/1955-05-01.pmtiles
1955-04-01,https://data.archive.aero/sectionals/1955-04-01.pmtiles
1955-03-01,https://data.archive.aero/sectionals/1955-03-01.pmtiles
1955-02-15,https://data.archive.aero/sectionals/1955-02-15.pmtiles
1955-02-13,https://data.archive.aero/sectionals/1955-02-13.pmtiles
1955-02-01,https://data.archive.aero/sectionals/1955-02-01.pmtiles
1954-11-23,https://data.archive.aero/sectionals/1954-11-23.pmtiles
1954-11-01,https://data.archive.aero/sectionals/1954-11-01.pmtiles
1954-09-10,https://data.archive.aero/sectionals/1954-09-10.pmtiles
1954-09-01,https://data.archive.aero/sectionals/1954-09-01.pmtiles
1954-08-31,https://data.archive.aero/sectionals/1954-08-31.pmtiles
1954-08-01,https://data.archive.aero/sectionals/1954-08-01.pmtiles
1954-05-25,https://data.archive.aero/sectionals/1954-05-25.pmtiles
1954-05-01,https://data.archive.aero/sectionals/1954-05-01.pmtiles
1954-03-09,https://data.archive.aero/sectionals/1954-03-09.pmtiles
1954-02-01,https://data.archive.aero/sectionals/1954-02-01.pmtiles
1953-11-22,https://data.archive.aero/sectionals/1953-11-22.pmtiles
1953-11-01,https://data.archive.aero/sectionals/1953-11-01.pmtiles
1953-10-30,https://data.archive.aero/sectionals/1953-10-30.pmtiles
1953-10-01,https://data.archive.aero/sectionals/1953-10-01.pmtiles
1953-09-01,https://data.archive.aero/sectionals/1953-09-01.pmtiles
1953-05-20,https://data.archive.aero/sectionals/1953-05-20.pmtiles
1953-04-01,https://data.archive.aero/sectionals/1953-04-01.pmtiles
1953-02-01,https://data.archive.aero/sectionals/1953-02-01.pmtiles
1952-12-31,https://data.archive.aero/sectionals/1952-12-31.pmtiles
1952-11-01,https://data.archive.aero/sectionals/1952-11-01.pmtiles
1952-09-01,https://data.archive.aero/sectionals/1952-09-01.pmtiles
1952-08-01,https://data.archive.aero/sectionals/1952-08-01.pmtiles
1952-07-24,https://data.archive.aero/sectionals/1952-07-24.pmtiles
1952-04-01,https://data.archive.aero/sectionals/1952-04-01.pmtiles
1952-02-23,https://data.archive.aero/sectionals/1952-02-23.pmtiles
1952-01-15,https://data.archive.aero/sectionals/1952-01-15.pmtiles
1951-09-01,https://data.archive.aero/sectionals/1951-09-01.pmtiles
1951-08-01,https://data.archive.aero/sectionals/1951-08-01.pmtiles
1951-07-17,https://data.archive.aero/sectionals/1951-07-17.pmtiles
1951-06-01,https://data.archive.aero/sectionals/1951-06-01.pmtiles
1951-04-01,https://data.archive.aero/sectionals/1951-04-01.pmtiles
1951-03-02,https://data.archive.aero/sectionals/1951-03-02.pmtiles
1951-02-01,https://data.archive.aero/sectionals/1951-02-01.pmtiles
1950-12-27,https://data.archive.aero/sectionals/1950-12-27.pmtiles
1950-11-01,https://data.archive.aero/sectionals/1950-11-01.pmtiles
1950-10-10,https://data.archive.aero/sectionals/1950-10-10.pmtiles
1950-10-01,https://data.archive.aero/sectionals/1950-10-01.pmtiles
1950-08-01,https://data.archive.aero/sectionals/1950-08-01.pmtiles
1950-06-28,https://data.archive.aero/sectionals/1950-06-28.pmtiles
1950-05-01,https://data.archive.aero/sectionals/1950-05-01.pmtiles
1950-04-02,https://data.archive.aero/sectionals/1950-04-02.pmtiles
1950-04-01,https://data.archive.aero/sectionals/1950-04-01.pmtiles
1950-02-19,https://data.archive.aero/sectionals/1950-02-19.pmtiles
1950-02-01,https://data.archive.aero/sectionals/1950-02-01.pmtiles
1950-01-06,https://data.archive.aero/sectionals/1950-01-06.pmtiles
1949-12-13,https://data.archive.aero/sectionals/1949-12-13.pmtiles
1949-12-01,https://data.archive.aero/sectionals/1949-12-01.pmtiles
1949-10-05,https://data.archive.aero/sectionals/1949-10-05.pmtiles
1949-10-01,https://data.archive.aero/sectionals/1949-10-01.pmtiles
1949-09-28,https://data.archive.aero/sectionals/1949-09-28.pmtiles
1949-08-01,https://data.archive.aero/sectionals/1949-08-01.pmtiles
1949-07-02,https://data.archive.aero/sectionals/1949-07-02.pmtiles
1949-05-01,https://data.archive.aero/sectionals/1949-05-01.pmtiles
1949-04-29,https://data.archive.aero/sectionals/1949-04-29.pmtiles
1949-04-01,https://data.archive.aero/sectionals/1949-04-01.pmtiles
1949-03-01,https://data.archive.aero/sectionals/1949-03-01.pmtiles
1949-02-25,https://data.archive.aero/sectionals/1949-02-25.pmtiles
1949-01-05,https://data.archive.aero/sectionals/1949-01-05.pmtiles
1948-11-21,https://data.archive.aero/sectionals/1948-11-21.pmtiles
1948-11-09,https://data.archive.aero/sectionals/1948-11-09.pmtiles
1948-11-01,https://data.archive.aero/sectionals/1948-11-01.pmtiles
1948-09-23,https://data.archive.aero/sectionals/1948-09-23.pmtiles
1948-09-17,https://data.archive.aero/sectionals/1948-09-17.pmtiles
1948-09-01,https://data.archive.aero/sectionals/1948-09-01.pmtiles
1948-07-03,https://data.archive.aero/sectionals/1948-07-03.pmtiles
1948-06-01,https://data.archive.aero/sectionals/1948-06-01.pmtiles
1948-05-27,https://data.archive.aero/sectionals/1948-05-27.pmtiles
1948-05-14,https://data.archive.aero/sectionals/1948-05-14.pmtiles
1948-05-01,https://data.archive.aero/sectionals/1948-05-01.pmtiles
1948-04-21,https://data.archive.aero/sectionals/1948-04-21.pmtiles
1948-01-09,https://data.archive.aero/sectionals/1948-01-09.pmtiles
1947-12-01,https://data.archive.aero/sectionals/1947-12-01.pmtiles
1947-11-24,https://data.archive.aero/sectionals/1947-11-24.pmtiles
1947-11-12,https://data.archive.aero/sectionals/1947-11-12.pmtiles
1947-11-01,https://data.archive.aero/sectionals/1947-11-01.pmtiles
1947-09-10,https://data.archive.aero/sectionals/1947-09-10.pmtiles
1947-09-01,https://data.archive.aero/sectionals/1947-09-01.pmtiles
1947-07-11,https://data.archive.aero/sectionals/1947-07-11.pmtiles
1947-06-01,https://data.archive.aero/sectionals/1947-06-01.pmtiles
1947-05-29,https://data.archive.aero/sectionals/1947-05-29.pmtiles
1947-05-09,https://data.archive.aero/sectionals/1947-05-09.pmtiles
1947-05-01,https://data.archive.aero/sectionals/1947-05-01.pmtiles
1947-03-21,https://data.archive.aero/sectionals/1947-03-21.pmtiles
1947-01-07,https://data.archive.aero/sectionals/1947-01-07.pmtiles
1946-11-13,https://data.archive.aero/sectionals/1946-11-13.pmtiles
1946-11-01,https://data.archive.aero/sectionals/1946-11-01.pmtiles
1946-09-23,https://data.archive.aero/sectionals/1946-09-23.pmtiles
1946-09-01,https://data.archive.aero/sectionals/1946-09-01.pmtiles
1946-07-09,https://data.archive.aero/sectionals/1946-07-09.pmtiles
1946-05-01,https://data.archive.aero/sectionals/1946-05-01.pmtiles
1946-03-05,https://data.archive.aero/sectionals/1946-03-05.pmtiles
1946-03-01,https://data.archive.aero/sectionals/1946-03-01.pmtiles
1945-12-11,https://data.archive.aero/sectionals/1945-12-11.pmtiles
1945-11-27,https://data.archive.aero/sectionals/1945-11-27.pmtiles
1945-10-30,https://data.archive.aero/sectionals/1945-10-30.pmtiles
1945-10-01,https://data.archive.aero/sectionals/1945-10-01.pmtiles
1945-09-25,https://data.archive.aero/sectionals/1945-09-25.pmtiles
1945-05-31,https://data.archive.aero/sectionals/1945-05-31.pmtiles
1945-05-03,https://data.archive.aero/sectionals/1945-05-03.pmtiles
1945-05-01,https://data.archive.aero/sectionals/1945-05-01.pmtiles
1945-04-19,https://data.archive.aero/sectionals/1945-04-19.pmtiles
1945-01-11,https://data.archive.aero/sectionals/1945-01-11.pmtiles
1944-12-07,https://data.archive.aero/sectionals/1944-12-07.pmtiles
1944-12-01,https://data.archive.aero/sectionals/1944-12-01.pmtiles
1944-11-30,https://data.archive.aero/sectionals/1944-11-30.pmtiles
1944-09-28,https://data.archive.aero/sectionals/1944-09-28.pmtiles
1944-08-24,https://data.archive.aero/sectionals/1944-08-24.pmtiles
1944-08-17,https://data.archive.aero/sectionals/1944-08-17.pmtiles
1944-08-01,https://data.archive.aero/sectionals/1944-08-01.pmtiles
1944-06-01,https://data.archive.aero/sectionals/1944-06-01.pmtiles
1944-05-25,https://data.archive.aero/sectionals/1944-05-25.pmtiles
1944-05-04,https://data.archive.aero/sectionals/1944-05-04.pmtiles
1944-04-01,https://data.archive.aero/sectionals/1944-04-01.pmtiles
1944-03-01,https://data.archive.aero/sectionals/1944-03-01.pmtiles
1943-11-01,https://data.archive.aero/sectionals/1943-11-01.pmtiles
1943-05-06,https://data.archive.aero/sectionals/1943-05-06.pmtiles
1943-02-18,https://data.archive.aero/sectionals/1943-02-18.pmtiles
1942-11-26,https://data.archive.aero/sectionals/1942-11-26.pmtiles
1942-11-01,https://data.archive.aero/sectionals/1942-11-01.pmtiles
1942-10-29,https://data.archive.aero/sectionals/1942-10-29.pmtiles
1942-09-01,https://data.archive.aero/sectionals/1942-09-01.pmtiles
1942-07-01,https://data.archive.aero/sectionals/1942-07-01.pmtiles
1942-06-25,https://data.archive.aero/sectionals/1942-06-25.pmtiles
1941-10-09,https://data.archive.aero/sectionals/1941-10-09.pmtiles
1941-09-01,https://data.archive.aero/sectionals/1941-09-01.pmtiles
1941-08-01,https://data.archive.aero/sectionals/1941-08-01.pmtiles
1941-07-01,https://data.archive.aero/sectionals/1941-07-01.pmtiles
1941-01-01,https://data.archive.aero/sectionals/1941-01-01.pmtiles
1940-12-01,https://data.archive.aero/sectionals/1940-12-01.pmtiles
1940-09-01,https://data.archive.aero/sectionals/1940-09-01.pmtiles
1940-05-01,https://data.archive.aero/sectionals/1940-05-01.pmtiles
1940-04-01,https://data.archive.aero/sectionals/1940-04-01.pmtiles
1940-03-01,https://data.archive.aero/sectionals/1940-03-01.pmtiles
1940-01-01,https://data.archive.aero/sectionals/1940-01-01.pmtiles
1939-06-01,https://data.archive.aero/sectionals/1939-06-01.pmtiles
1939-04-01,https://data.archive.aero/sectionals/1939-04-01.pmtiles
1939-03-01,https://data.archive.aero/sectionals/1939-03-01.pmtiles
1939-02-01,https://data.archive.aero/sectionals/1939-02-01.pmtiles
1938-12-01,https://data.archive.aero/sectionals/1938-12-01.pmtiles
1938-09-01,https://data.archive.aero/sectionals/1938-09-01.pmtiles
1938-08-01,https://data.archive.aero/sectionals/1938-08-01.pmtiles
1938-07-01,https://data.archive.aero/sectionals/1938-07-01.pmtiles
1938-04-01,https://data.archive.aero/sectionals/1938-04-01.pmtiles
1937-11-01,https://data.archive.aero/sectionals/1937-11-01.pmtiles
1937-10-01,https://data.archive.aero/sectionals/1937-10-01.pmtiles
1937-03-01,https://data.archive.aero/sectionals/1937-03-01.pmtiles
1937-02-01,https://data.archive.aero/sectionals/1937-02-01.pmtiles
1936-11-01,https://data.archive.aero/sectionals/1936-11-01.pmtiles
1936-10-01,https://data.archive.aero/sectionals/1936-10-01.pmtiles
1936-08-01,https://data.archive.aero/sectionals/1936-08-01.pmtiles
1936-02-01,https://data.archive.aero/sectionals/1936-02-01.pmtiles
1936-01-01,https://data.archive.aero/sectionals/1936-01-01.pmtiles
1935-12-01,https://data.archive.aero/sectionals/1935-12-01.pmtiles
1935-11-01,https://data.archive.aero/sectionals/1935-11-01.pmtiles
1935-09-01,https://data.archive.aero/sectionals/1935-09-01.pmtiles
1935-07-01,https://data.archive.aero/sectionals/1935-07-01.pmtiles
1935-06-01,https://data.archive.aero/sectionals/1935-06-01.pmtiles
1935-05-01,https://data.archive.aero/sectionals/1935-05-01.pmtiles
1935-03-01,https://data.archive.aero/sectionals/1935-03-01.pmtiles
1934-12-01,https://data.archive.aero/sectionals/1934-12-01.pmtiles
1934-11-01,https://data.archive.aero/sectionals/1934-11-01.pmtiles
1934-07-01,https://data.archive.aero/sectionals/1934-07-01.pmtiles
1934-05-01,https://data.archive.aero/sectionals/1934-05-01.pmtiles
1934-02-01,https://data.archive.aero/sectionals/1934-02-01.pmtiles
1934-01-01,https://data.archive.aero/sectionals/1934-01-01.pmtiles
1933-12-01,https://data.archive.aero/sectionals/1933-12-01.pmtiles
1933-11-01,https://data.archive.aero/sectionals/1933-11-01.pmtiles
1933-10-01,https://data.archive.aero/sectionals/1933-10-01.pmtiles
1933-09-01,https://data.archive.aero/sectionals/1933-09-01.pmtiles
1933-08-01,https://data.archive.aero/sectionals/1933-08-01.pmtiles
1933-06-01,https://data.archive.aero/sectionals/1933-06-01.pmtiles
1933-04-01,https://data.archive.aero/sectionals/1933-04-01.pmtiles
1933-03-01,https://data.archive.aero/sectionals/1933-03-01.pmtiles
1933-01-01,https://data.archive.aero/sectionals/1933-01-01.pmtiles
1932-12-01,https://data.archive.aero/sectionals/1932-12-01.pmtiles
1932-10-01,https://data.archive.aero/sectionals/1932-10-01.pmtiles
1932-08-01,https://data.archive.aero/sectionals/1932-08-01.pmtiles
1932-06-01,https://data.archive.aero/sectionals/1932-06-01.pmtiles
1932-05-01,https://data.archive.aero/sectionals/1932-05-01.pmtiles
1932-03-01,https://data.archive.aero/sectionals/1932-03-01.pmtiles
1932-02-01,https://data.archive.aero/sectionals/1932-02-01.pmtiles
1931-06-01,https://data.archive.aero/sectionals/1931-06-01.pmtiles
1930-12-01,https://data.archive.aero/sectionals/1930-12-01.pmtiles
